{
  "guardian":[
    {
      "title": "Netflix's wonderfully wicked western fires on all cylinders"
    },
    {
      "title": "It couldn’t be for ever mourning David Cassidy, the original 70s pinup"
    },
    {
      "title": "Stormzy apologises for unearthed tweets"
    },
    {
      "title": "Prescribed reading: Five of the best books by doctors"
    },
    {
      "title": "David Cassidy: star of Partridge Family dies aged 67"
    },
    {
      "title": "Cheeky, cartoonish … and under threat: why our postmodern buildings must be saved"
    },
    {
      "title": "Trump touts busy day of meetings – then appears to play golf"
    },
    {
      "title": "Maria Sharapova under investigation for real estate conspiracy in India"
    }
  ],
  "independent":[
    {
      "title": "What the Budget means for your wallet"
    },
    {
      "title": "Best Black Friday deals 2017"
    },
    {
      "title": "Scientists have seen the first alien object flying through our own solar system"
    },
    {
      "title": "Paris Saint-Germain rip through Celtic "
    },
    {
      "title": "Merkel’s departure could be very good for Brexit"
    },
    {
      "title": "David Davis has put the final nail in the Brexit coffin"
    }
  ],
  "nyt":[
    {
      "title": "Inside the Race for the Top Job on Wall Street"
    },
    {
      "title": "Barcelona"
    },
    {
      "title": "How to Buy a Great TV This Black Friday"
    },
    {
      "title": "Tesla Unveils an Electric Rival to Semi Trucks"
    },
    {
      "title": "Were You a Victim of Russian Propaganda? Facebook Will Help You Find Out"
    },
    {
      "title": "Are Programmers Headed Toward Another Bursting Bubble?"
    },
    {
      "title": "The Cost Of JavaScript"
    },
    {
      "title": "When should I Server-Side Render?"
    }
  ]
}
